,repository_name,language
0,.allstar,
1,.github,
2,0x0g-2018-badge,C
3,aarch64-esr-decoder,Rust
4,aarch64-paging,Rust
5,abpackage,R
6,abseil-cpp-binary,Swift
7,abstracttext,JavaScript
8,abstreet,Rust
9,ac-library.cr,Crystal
10,acai,Java
11,access-bridge-explorer,C#
12,Accessibility-Test-Framework-for-Android,Java
13,accname,TypeScript
14,accompanist,Kotlin
15,account-provisioning-for-google-apps,Java
16,acme,Go
17,across,HTML
18,actions-on-google-flashcards-template-sdk,JavaScript
19,actions-on-google-pq2-template-sdk,JavaScript
20,actions-on-google-template-sdk,
21,actions-on-google-trivia-template-sdk,JavaScript
22,active-learning,Python
23,active-qa,Python
24,ad-manager-alerter,Python
25,adapt-googleanalytics,JavaScript
26,adb-sync,Python
27,adcase,Python
28,addlicense,Go
29,address-geocoder-js,HTML
30,adh-deployment-manager,Python
31,adiantum,C
32,ads-account-structure-script,JavaScript
33,ads-api-report-fetcher,Python
34,ads-bi-suite,Shell
35,ads-placement-excluder,Python
36,ads-privacy,
37,ad_language_monitor,JavaScript
38,aegis_cipher,C++
39,AEUX,JavaScript
40,AFL,C
41,agamotto,Python
42,agata,JavaScript
43,agency-ads-management-solutions,JavaScript
44,agera,Java
45,agi,Go
46,agi-dev-releases,Shell
47,ahdlc,C
48,ai-weather-climate,Python
49,aichoreographer,HTML
50,aidl-language,
51,airdialogue,Python
52,airdialogue_model,Python
53,airio,Python
54,aistplusplus_api,Python
55,aistplusplus_dataset,JavaScript
56,aistreamer,C++
57,aistreams,C++
58,aiyprojects-deeplearn-tensorflow,TypeScript
59,aiyprojects-raspbian,Python
60,aiyprojects-raspbian-tools,Python
61,ai_assisted_display_creative,Python
62,ai_video_dubbing,Python
63,alertmanager-irc-relay,Go
64,allied-oscillators,JavaScript
65,alligator2,Python
66,allocation-instrumenter,Java
67,allstar-config,
68,amber,C++
69,amp-client-id-library,JavaScript
70,amp-pwa-demo,JavaScript
71,amp-toolbox,JavaScript
72,amss,R
73,amt-forensics,Python
74,analytics-audience-automation-tool,JavaScript
75,analytics-settings-database,Python
76,android-arscblamer,Java
77,android-auto-companion-android,Kotlin
78,android-auto-companion-app,Dart
79,android-auto-companion-calendarsync-ios,Swift
80,android-auto-companion-ios,Swift
81,android-classyshark,Java
82,android-cuttlefish,C++
83,android-cuttlefish-authentication,Python
84,android-emulator-container-scripts,Python
85,android-emulator-hypervisor-driver,C
86,android-emulator-m1-preview,
87,android-emulator-webrtc,JavaScript
88,android-fhir,Kotlin
89,android-gradle-dsl,HTML
90,android-kerberos-authenticator,Java
91,android-key-attestation,Java
92,android-lint-performance-probe,Java
93,android-management-api-samples,Jupyter Notebook
94,android-riscv64,
95,android-security-lints,Kotlin
96,android-studio-check,Java
97,android-uiconductor,Java
98,android-wear-stitch-script,Python
99,androiddevicesjs,TypeScript
100,AndroidForegroundCompat,Java
101,angle,C++
102,angular-a11y-workshop,TypeScript
103,angular-directed-graph,TypeScript
104,angular-sticky-element,TypeScript
105,angular_cli,Dart
106,angular_node_bind.dart,Dart
107,anonymous-counting-tokens,C++
108,anonymous-tokens,C++
109,ansicolor-dart,Dart
110,anthos-microk8s,HCL
111,anvil-build,Python
112,aoss-django-sample-starter-project,Shell
113,aoss-springboot-sample-starter-project,Shell
114,aoss-verifier,Go
115,apdu,Kotlin
116,aperture_supervision,Python
117,apis-client-generator,Python
118,apitools,Python
119,app-check,Objective-C
120,app-metadata-encoder,Java
121,app-reporting-pack,Shell
122,app-resource-bundle,JavaScript
123,appengine-codiad,JavaScript
124,appengine-java-migration-samples,Java
125,appengine-jenkins,Shell
126,appengine-phabricator,Shell
127,appengine_xblock_runtime,Python
128,applied-computing-series,Python
129,applied-data-structures-algorithms,Jupyter Notebook
130,applied-machine-learning-intensive,Jupyter Notebook
131,AppSpeedIndex,Python
132,apps_script_tools,Dart
133,AppUpdateTrackerLib,Java
134,apt-golang-s3,Go
135,aqt,Python
136,arb-editor,TypeScript
137,arc-jazzy-linter,PHP
138,arc-proselint,PHP
139,arc-regex-line-length-linter,PHP
140,arc-xcode-test-engine,PHP
141,archat,TypeScript
142,archive-patcher,Java
143,argh,Rust
144,argtail-check,Go
145,arithmancer,Python
146,arm-gic,Rust
147,array_record,C++
148,arrow-logo,Dart
149,article-recommender,Python
150,ashier,Python
151,aside,TypeScript
152,asr-recipes,Shell
153,assertor,Rust
154,asset-check,JavaScript
155,asset-inventory-worksheet,Python
156,assetMG,TypeScript
157,assortment-quality-for-shopping-ads,Python
158,astc-codec,C++
159,asylo,C++
160,asylo-examples,C++
161,asylo-site,HTML
162,asymproj_edge_dnn,Python
163,atheris,Python
164,atlassian-addons-audit-sheet,Python
165,attention-center,Python
166,auction-insights-visualization,JavaScript
167,audio-sync-kit,Python
168,audio-to-tactile,C
169,audit-normalmap,C
170,aukera,Go
171,authenticode-rs,Rust
172,auto,Java
173,auto-arborist,Jupyter Notebook
174,auto-common,
175,auto-disposable,Dart
176,auto-factory,
177,auto-service,
178,autobidding-readiness-monitor,Python
179,autobound,Python
180,autocjk,Python
181,autocxx,Rust
182,autofdo,C++
183,autol2,Python
184,automated-native-creatives,TypeScript
185,automation-inspector,JavaScript
186,automl,Jupyter Notebook
187,automl-video-ondevice,Python
188,automotive-design-compose,Rust
189,autoparse,Ruby
190,autopiper,C++
191,avatar,Python
192,b-con,Python
193,baby-alligator,JavaScript
194,backup-dr-custom-roles,Shell
195,badwolf,Go
196,badwolf-drivers,Go
197,balloon-learning-environment,Python
198,bamboo-soy,Java
199,basis_universal,C++
200,battery-historian,Go
201,bazel-common,Starlark
202,bazel-to-cmake,Python
203,bazel_rules_install,Starlark
204,bband-adaband,MATLAB
205,bbcpu,Verilog
206,bbr,
207,beacon-platform,
208,beautiful-audio-editor,JavaScript
209,BEGIN-dataset,
210,belief-localization,
211,benchmark,C++
212,berrydb,C++
213,best,Rust
214,beta-binomial-fitting,
215,bevy_skybox_cubemap,Rust
216,bgu,C++
217,bi-tempered-loss,Python
218,BIG-bench,Python
219,bigspicy,Python
220,bigwheels,C++
221,bindiff,Java
222,binexport,C++
223,binja-hexagon,Python
224,binnavi,Java
225,binplist,Python
226,bitutils,Python
227,blkcgroup,Python
228,bloaty,C++
229,blockbuster,Python
230,blockly,TypeScript
231,blockly-android,Java
232,blockly-devtools,JavaScript
233,blockly-experimental,JavaScript
234,blockly-games,JavaScript
235,blockly-ios,Swift
236,blockly-repo,
237,blockly-samples,JavaScript
238,blockly-tools,Shell
239,blue-green-deployment-controller,Go
240,blueprint,Go
241,bluesky-watchface,C
242,bms-toolkit,Shell
243,bocado,Python
244,bongo,Rust
245,bookbot-navigation,C++
246,boringssl,C
247,bottery,JavaScript
248,bottlerocket,Scala
249,boundedwait,Go
250,box2d.dart,Dart
251,brailleback,Java
252,brain-tokyo-workshop,Jupyter Notebook
253,brain_autorl,Python
254,brandometer,Python
255,brax,Jupyter Notebook
256,breadboard,C++
257,break-a-scene,Python
258,breakpad,C++
259,briolette,Rust
260,broken-dns,Go
261,brotli,TypeScript
262,brotli-wheels,
263,brunsli,C++
264,bsynth,C++
265,bt-test-interfaces,Python
266,btls,Haskell
267,btree,Go
268,BucketServer,Go
269,budget-protector,JavaScript
270,budou,Python
271,budoux,Python
272,budoux-extension,TypeScript
273,budoux-illustrator-script,TypeScript
274,build-debian-cloud,Shell
275,building-secure-and-reliable-systems,HTML
276,built_collection.dart,Dart
277,built_json.dart,
278,built_value.dart,Dart
279,bulkan,TypeScript
280,bulkdozer,JavaScript
281,bulk_fhir_tools,Go
282,bumble,Python
283,bundletool,Java
284,burst-denoising,Python
285,business_intelligence_group,Jupyter Notebook
286,butteraugli,C++
287,buzzer,Go
288,byterun,Python
289,bzip2-rpc,C
290,cabal2bazel,Starlark
291,cabbie,Go
292,cadvisor,Go
293,cad_campaign_anomaly_detector,JavaScript
294,cairn,Python
295,calblink,Go
296,calenviroscreen,R
297,caliban,Python
298,caliper,Java
299,CallBuilder,Java
300,calliope-paper-robot,
301,cameraraw,Go
302,cameraview,Java
303,campaign-manager-bulk-uploader,Python
304,canvas-5-polyfill,JavaScript
305,cap-library,HTML
306,capillary,Java
307,capirca,Python
308,capsicum-linux,C
309,capsicum-man-pages,Groff
310,capsicum-test,C++
311,capslock,Go
312,capture-thread,C++
313,carfac,Jupyter Notebook
314,cargo-raze,Rust
315,cartoonset,HTML
316,casa-android,Kotlin
317,casfs,Python
318,cassowary.dart,Dart
319,cast-moderator-centipede,C++
320,categorybuilder,Python
321,catnip,Python
322,cauliflowervest,Python
323,causal-panel-synthetic-data,R
324,causalexpanalysis,R
325,CausalImpact,R
326,cbortree,Java
327,cctz,C++
328,cdc-file-transfer,C++
329,cddlconv,Rust
330,cdep,Java
331,ce-open-data-set,
332,ced,C++
333,cel-cpp,C++
334,cel-go,Go
335,cel-java,Java
336,cel-policy-templates-go,Go
337,cel-spec,Go
338,cell_img,Jupyter Notebook
339,centaur,TypeScript
340,centipede,
341,certificate-maker,JavaScript
342,certificate-transparency,C++
343,certificate-transparency-community-site,HTML
344,certificate-transparency-go,Go
345,certificate-transparency-java,Java
346,certificate-transparency-rfcs,Python
347,certtostore,Go
348,ceviche-challenges,Python
349,cfr,JavaScript
350,CFU-Playground,Verilog
351,chained-promise,TypeScript
352,channel-id-enclave,
353,ChannelPlate,JavaScript
354,chaps-linux,Makefile
355,charted,Dart
356,chartjs.dart,Dart
357,charts,Dart
358,chat-enhanced,JavaScript
359,chatbase-dotnet,C#
360,chatbase-node,JavaScript
361,chatbase-python,Python
362,checkers,Python
363,checkers_classic,Python
364,chicago-brick,TypeScript
365,chiplets-cost-model,Python
366,chive-prosody,HTML
367,chive-varying-prosody-icml-2019,HTML
368,chkstream,Python
369,chord,JavaScript
370,chrome-language-immersion,JavaScript
371,chrome-media-audio-papers,HTML
372,chrome-opt-out-extension,JavaScript
373,chrome-ssh-agent,Go
374,chrome-tabber,JavaScript
375,Chrome.Docs,JavaScript
376,ChromeBrowserEnterprise,C#
377,chromeos-filesystems,JavaScript
378,chromeosnavigationdemo,Kotlin
379,chrometracing,Go
380,citest,Python
381,citizen-x,
382,cityhash,Shell
383,civics_cdf_validator,Python
384,ci_edit,Python
385,clang-lens,Haskell
386,clasp,TypeScript
387,classp,Bison
388,cld3,C++
389,clerk,C++
390,clicktrackers-panel,Python
391,clif,C++
392,climb-tracker,Java
393,clojure-turtle,Clojure
394,closure-builder,JavaScript
395,closure-compiler,Java
396,closure-compiler-js,JavaScript
397,closure-compiler-npm,JavaScript
398,closure-library,JavaScript
399,closure-linter,Python
400,closure-stylesheets,Java
401,closure-templates,Java
402,cloud-analytics-ts,TypeScript
403,cloud-android-orchestration,Go
404,cloud-berg,Python
405,cloud-cup,JavaScript
406,cloud-cup-android,Java
407,cloud-forensics-utils,Python
408,cloud-function-edit-drive-permissions,Python
409,cloud-network-reachability,
410,cloud-network-reachabilty,
411,cloud-print-connector,Go
412,cloud-reporting,Java
413,cloud-resource-manager,Shell
414,cloud-tpu-monitoring-debugging,HCL
415,cloudprint_logocert,Python
416,cloudprober,Go
417,clspv,LLVM
418,cluster-data,TeX
419,cluster-insight,Python
420,cluster-scheduler-simulator,Scala
421,cluster-scoped-cicd,Makefile
422,clusterfuzz,Python
423,clusterfuzzlite,
424,cm-user-tool,JavaScript
425,cmockery,Shell
426,cncmicroscope-cad,OpenSCAD
427,cncmicroscope-code,C++
428,co-op-4-all,TypeScript
429,coapblaster,Java
430,cocoapods-size,Python
431,code-review-bot,Go
432,CodeCity,JavaScript
433,codemirror-mode-jsonnet,JavaScript
434,codemirror.dart,Dart
435,codename-mvsv,JavaScript
436,codesearch,Go
437,codeu-starter-project,Java
438,codeu_coding_assessment_2017,Java
439,codeu_coding_assessment_b_2017,Java
440,codeu_project_2017,Java
441,codeu_project_2018,Java
442,codewords,TypeScript
443,codeworld,Haskell
444,codex,Python
445,coding-competitions-archive,HTML
446,coding-with-chrome,JavaScript
447,coding-with-chrome-libraries,JavaScript
448,cog,Python
449,comid,Dart
450,command-fds,Rust
451,common-sk,TypeScript
452,CommonLoopUtils,Jupyter Notebook
453,compact_enc_det,C
454,compare-codecs,Python
455,compare_gan,Python
456,compile-testing,Java
457,comprehensive-rust,Rust
458,compute-virtual-ethernet-dpdk,C
459,compynator,Python
460,concatenate.js,JavaScript
461,concourse-resources,Go
462,conferenceDB,HTML
463,connectedappssdk,Java
464,conscrypt,Java
465,consent-based-conversion-adjustments,Python
466,container-explorer,Go
467,container-rfc,
468,containerdbg,C
469,containerregistry,Python
470,contentbox,CSS
471,content_recommendation_using_word2vec,Python
472,context-expression-nature-study,MATLAB
473,controlled-noisy-web-labels,HTML
474,conversational-surveys,JavaScript
475,conversion-audit,TypeScript
476,coop-analytics,Python
477,copper,Python
478,copr-sundry,Shell
479,copybara,Java
480,coq-bpf,Coq
481,cordova-plugin-browsertab,Java
482,corgi,C++
483,cornerstone,JavaScript
484,cornerstoneMath,JavaScript
485,cornerstoneTools,JavaScript
486,cornerstoneWADOImageLoader,JavaScript
487,cornerstoneWebImageLoader,JavaScript
488,coroutine-stacks,Kotlin
489,corpuscrawler,Python
490,cortex-demos,C++
491,coset,Rust
492,cost-attribution-solution,
493,course-builder,
494,coursebuilder-android-container-module,Python
495,coursebuilder-core,Python
496,coursebuilder-hello-world-module,Python
497,coursebuilder-learning-analytics,
498,coursebuilder-lti-module,Python
499,coursebuilder-releases,
500,coursebuilder-resources,Shell
501,coursebuilder_xblock_module,Python
502,coverage,Emacs Lisp
503,covid19-face-shield,
504,cpix_cc,C++
505,cpp-async-rpc,C++
506,cpp-from-the-sky-down,HTML
507,cpp-frp,C++
508,cpp-netlib,C++
509,cpp-proto-builder,C++
510,cpp-smt-wrapper,C++
511,cppdap,C++
512,CPR_channel_placement_reporting,
513,cpu-check,C++
514,cpu_features,C++
515,cpython-pt,Python
516,cql-on-beam,Java
517,crc32c,C++
518,crclib.dart,Dart
519,create-framework,Dart
520,create-service-account,Python
521,creatine-ads-inspector,Java
522,creatism,HTML
523,creative-screenshots,TypeScript
524,credstore,Go
525,crfs,Go
526,crisis-info-hub,JavaScript
527,cronet-transport-for-okhttp,Java
528,cronet.dart,Dart
529,cronutils,C
530,cross-device-sdk,Kotlin
531,crossmodal-3600,HTML
532,crosvm,Rust
533,crubit,Rust
534,crumsort-rs,Rust
535,crunchy,C++
536,crush-tools,Shell
537,crx2app,JavaScript
538,csp-evaluator,TypeScript
539,CSP-Validator,Python
540,cssi-blogasaurus,HTML
541,cssi-labs,HTML
542,csv-to-firestore,Python
543,csv2pprof,Go
544,ct-hackday-schwag,Go
545,CTAP2-test-tool,C++
546,CTAP2-test-tool-corpus,
547,ctfscoreboard,Python
548,cuckoo-index,C++
549,CurbsidePickup,JavaScript
550,custom-bidding-script-builder,JavaScript
551,custom-tab-groups,JavaScript
552,cvelist,Python
553,cwd_jmp,Shell
554,cwisstable,C++
555,cxx-std-draft,TeX
556,cyanobyte,Python
557,dactionboard,Shell
558,dagger,Java
559,daguerreotype,TypeScript
560,dana,JavaScript
561,DAPLink-port,C
562,dart-basics,Dart
563,dart-collab,Dart
564,dart-doc_coverage,Dart
565,dart-emacs-plugin-unsupported,Emacs Lisp
566,dart-gif-encoder,Dart
567,dart-gl,C++
568,dart-glfw,C++
569,dart-immutables,Dart
570,dart-json_diff,Dart
571,dart-neats,Dart
572,dart-scissors,Dart
573,dart-shapeshift,Dart
574,dart-sync-socket,Dart
575,dart-sync-webdriver,Dart
576,dart-tagtree,Dart
577,dart2java,Java
578,dart_cli_pkg,Dart
579,dart_cli_script,Dart
580,dart_google_apps,Dart
581,data-driven-discretization-1d,Jupyter Notebook
582,data-layer-helper,JavaScript
583,data-pills,Jupyter Notebook
584,data-quality-monitor,TypeScript
585,data-transfer-project,Java
586,dataflow-ml-starter,Python
587,dawn,C++
588,dbm-lineitem-copier,JavaScript
589,dbm-trix-addon,JavaScript
590,dcm-bulk-trafficking,JavaScript
591,dcm-trix-addon,JavaScript
592,dcm-video-uploader,Python
593,dcm_bulk_onboarding,JavaScript
594,debaised-analysis,HTML
595,deck,Go
596,decoder-benchmarks-for-rust,Rust
597,decoupled_gaussian_process,Python
598,deepboost,C++
599,deepconsensus,Python
600,deepdream,
601,deepmac,HTML
602,deepsomatic,
603,deepvariant,Python
604,defi-for-good-contracts,TypeScript
605,deliberate,
606,deluca,Python
607,deluca-igpc,Jupyter Notebook
608,deluca-lung,Python
609,depan,Java
610,deps.dev,Shell
611,depth_fusion,C++
612,deputy-api-python-client,Python
613,der-ascii,Go
614,desugar_jdk_libs,Java
615,detangle,JavaScript
616,detectorgraph,C++
617,dev-on-chromeos-che,
618,dev-on-chromeos-gce-setup,Shell
619,dev-on-chromeos-openvpn,Shell
620,developer.github.com,Ruby
621,device-access-codelab-web-app,JavaScript
622,device-access-sample-web-app,JavaScript
623,device-infra,Java
624,devicehub,Java
625,devlibrary,Vue
626,devops-governance,
627,devsite-template,
628,devtools-driver,Java
629,devtoolsExtended,JavaScript
630,devx-tools,Go
631,df-conformer,HTML
632,dfdewey,Python
633,dfiq,CSS
634,dicomParser,JavaScript
635,dicomproxy,Java
636,diff-match-patch,Python
637,differentiable-atomistic-potentials,Python
638,differential-privacy,Go
639,digitalassetlinks,PureBasic
640,digitalbuildings,Python
641,dimsum,C++
642,DirectXShaderCompiler,C++
643,disable-keyboard-shortcuts,Makefile
644,disapproved-ads-auditor,Python
645,distbench,C++
646,distla_core,Python
647,distributed-git-forks,Shell
648,distributed_point_functions,C++
649,dive,C++
650,dl_bounds,Python
651,dnae,Python
652,dnsmasq_exporter,Go
653,docker-explorer,Python
654,docopt-scripts,Go
655,docsy,HTML
656,docsy-example,HTML
657,dokka,Kotlin
658,DOM-Tutorials,HTML
659,domaintest,Java
660,dopamine,Jupyter Notebook
661,dorusu-js,JavaScript
662,dotty,Python
663,double-conversion,C++
664,dpy,Python
665,dqm,Python
666,draco,C++
667,draft-irtf-cfrg-vrf,Go
668,draft-todo-chariton-dns-account-01,Dockerfile
669,dreambooth,
670,driblet,Python
671,drive-file-search-fix,JavaScript
672,drone-firebase,Go
673,dropzone-polyfill,HTML
674,ds-trix-addon,JavaScript
675,dsg,HTML
676,dspl,Python
677,dtask,C
678,dtraceStacksToPprof,Go
679,dualhttp,JavaScript
680,duet,Python
681,dv-3po,JavaScript
682,dv360-api,JavaScript
683,dv360-automation,Jupyter Notebook
684,dv360-bidbyweather,JavaScript
685,dv360-duplicator,TypeScript
686,dv360-spend-monitoring-tool,JavaScript
687,dv360_feature_adoption,JavaScript
688,dwh-assessment-extraction-tool,Java
689,dwh-migration-tools,Java
690,dynamex-proto,Protocol Buffer
691,dynamic-form,TypeScript
692,dynamic-video-depth,Python
693,dynamicworld,Jupyter Notebook
694,dynibar,Python
695,e3d_lstm,Python
696,EarlGrey,Objective-C
697,earthengine-api,JavaScript
698,earthengine-catalog,Jsonnet
699,earthengine-community,Jupyter Notebook
700,earthengine-jupyter,Jupyter Notebook
701,earthenterprise,C++
702,earthstudio-ffmpeg-automator,Shell
703,easy-grid,JavaScript
704,easy-gwt-mock,Java
705,easybundler,Java
706,easypki,Go
707,ebola-tools,Python
708,ebpf-transport-monitoring,C
709,ecclesia-machine-management,C++
710,eclipse2017,Python
711,eddystone,C
712,edf,Go
713,eDistantObject,Objective-C
714,edward2,Jupyter Notebook
715,effcee,C++
716,ehr-predictions,Python
717,eidos-audition,C++
718,ekep-analysis,Shell
719,election-au-2016,Go
720,elemental2,Java
721,elements-sk,HTML
722,eleventy-high-performance-blog,JavaScript
723,elfling,C++
724,embed-dart-vm,C++
725,embedding-tests,Python
726,emboss,Python
727,emitto,Go
728,emoji-scavenger-hunt,TypeScript
729,emoji-segmenter,C
730,emoji4unicode,Python
731,emoticon-composer-font,HTML
732,empirical_calibration,Jupyter Notebook
733,emre,C++
734,emu-control,Go
735,encrypted-bigquery-client,Python
736,end-to-end,JavaScript
737,energysimulation,Jupyter Notebook
738,energystrategies,TypeScript
739,eng-edu,Jupyter Notebook
740,eng-practices,
741,english--,JavaScript
742,enjarify,Python
743,ent,Go
744,enum_class.dart,
745,episodes.dart,Dart
746,epr,JavaScript
747,error-prone,Java
748,error-prone-javac,Java
749,escapevelocity,Java
750,esh,C
751,eslint-closure,JavaScript
752,eslint-config-google,JavaScript
753,etc2comp,C++
754,etils,Python
755,EtwToPprof,C#
756,euphonia,TypeScript
757,eventid-js,TypeScript
758,evergreen-checker,Kotlin
759,everythingisconnected,JavaScript
760,evojax,Jupyter Notebook
761,example_extrapolation,Python
762,executor.nvim,Lua
763,EXEgesis,C++
764,exists-ref,Rust
765,ExoPlayer,Java
766,experience-accessibility,Java
767,explaining-in-style,Jupyter Notebook
768,exposure-notifications-android,Java
769,exposure-notifications-internals,Java
770,exposure-notifications-private-analytics-ingestion,Java
771,exposure-notifications-server,Go
772,exposure-notifications-verification-server,Go
773,expt-analysis,Python
774,extra-keyboards-for-chrome-os,JavaScript
775,ezgantt,JavaScript
776,FakeMaker,JavaScript
777,fancy-regex,Rust
778,farmhash,C++
779,fast-optimized-community-significance,R
780,fast-simple-lcsk,C++
781,fastboot-mobile,Kotlin
782,favcolor-android,Java
783,favcolor-findidp,
784,favcolor-ios,
785,favcolor-server,Ruby
786,fchan-go,Go
787,federated-compute,C++
788,federated-ml-health,Jupyter Notebook
789,fedjax,Python
790,feedloader,Python
791,ferret,Java
792,fest,
793,fetchchromium,Rust
794,ffcc,MATLAB
795,ffn,Python
796,fhir,C++
797,fhir-app-examples,Kotlin
798,fhir-data-pipes,Java
799,fhir-dbt-analytics,
800,fhir-examples,C++
801,fhir-gateway,Java
802,fhir-ml,
803,fhir-py,Python
804,fiddle,Python
805,fidi,C++
806,filament,C++
807,file-based-test-driver,C++
808,file-header,Rust
809,file-system-stress-testing,C
810,file.dart,Dart
811,files.dart,Dart
812,filesystem-proposal,C++
813,firing-range,Java
814,firmata.py,Python
815,fishy-pdf,Python
816,flatbuffers,C++
817,flatui,C++
818,flax,Python
819,flaxformer,Python
820,fledge-key-value-server,
821,fledge-shim,TypeScript
822,fleetbench,C++
823,fleetspeak,Go
824,fleetspeak-doc,
825,fleetspeak-rs,Rust
826,flexbox-layout,Kotlin
827,flight-lab,Python
828,flogger,Java
829,floodlight-audit,JavaScript
830,floody,Java
831,flooefi,
832,floog,TSQL
833,floq-client,Python
834,FluidNet,Lua
835,flutter-data,Dart
836,flutter-desktop-embedding,C++
837,flutter-mediapipe,
838,flutter-provide,Dart
839,flutter-stager,Dart
840,flutter-stream-extensions,Dart
841,flutter-sw-rend,C++
842,flutter.plugins,Dart
843,flutter.widgets,Dart
844,flutter_async_storage,Dart
845,flutter_flux,Dart
846,flutter_minimal_store,Dart
847,font-go,Go
848,fonts,HTML
849,forcefield,Gosu
850,forklift,JavaScript
851,forma,Rust
852,formal-ml,Lean
853,fpc,C
854,fplbase,C++
855,fplutil,Python
856,fractribution,Python
857,framecount-colorbars-v1,Java
858,framework-for-osdu,Java
859,freebase-wikidata-converter,PHP
860,fresnel,Go
861,fruit,C++
862,fscrypt,Go
863,fscryptctl,C
864,fsl-gaming,JavaScript
865,fss_machine_learning,C++
866,fswalker,Go
867,ftc-object-detection,C++
868,fuchsiaware,TypeScript
869,fully-homomorphic-encryption,C++
870,functional-objc,Objective-C
871,functions-demo,JavaScript
872,fury,Go
873,fuse-archive,C++
874,fusion-power-video,C++
875,fusion-tables-archive-visualizer,TypeScript
876,fusion-tables-drive-export,TypeScript
877,fuzzbench,Python
878,fuzzer-test-suite,C
879,fuzzing,C++
880,fuzztest,C++
881,ga-serverless-streaming,Python
882,ga360-bqml-toolkit,Jupyter Notebook
883,ga4-ecom-attributor,
884,ga4-gtm-migration,JavaScript
885,ga4-gtm-utilities,JavaScript
886,gae-channel-api.dart,Dart
887,gae-secure-scaffold-python,Python
888,gae-secure-scaffold-python3,Python
889,galogen,C++
890,gapid,Go
891,gapid-dev-releases,
892,gasket-driver,C
893,gazoo-device,Python
894,gcb-tools,Go
895,gce-machine-type-recommendations,JavaScript
896,gce-rescue,Python
897,gcm,Java
898,gcnn-survey-paper,Python
899,GCP-deployment-scripts-for-PI-Core,PowerShell
900,gcp-fwrule-open-domain,Shell
901,gcp_scanner,Python
902,gdal-autotest2,
903,gdata-java-client,Java
904,gdata-objectivec-client,Objective-C
905,gdata-python-client,HTML
906,gde-speakersbureau,JavaScript
907,gematria,Python
908,gemmlowp,C++
909,generative-ai-docs,Jupyter Notebook
910,generative-ai-python,Python
911,generative-ai-swift,Swift
912,generativemloncloud,Python
913,generator-goro,JavaScript
914,genomics-protos,Python
915,GeoexperimentsResearch,R
916,geovelo,JavaScript
917,gerrit-linter,Go
918,gf-layers,C++
919,gf180mcu-pdk,Makefile
920,gfbuild-amber,Shell
921,gfbuild-angle,Shell
922,gfbuild-glslang,Shell
923,gfbuild-graphicsfuzz,Shell
924,gfbuild-llpc,Shell
925,gfbuild-shadertrap,Shell
926,gfbuild-SPIRV-Cross,
927,gfbuild-SPIRV-Tools,Shell
928,gfbuild-swiftshader,Shell
929,gfw-deployments,Python
930,gfw-toolkit,Python
931,ghc-source-gen,Haskell
932,ghost-dataplane,C++
933,ghost-kernel,C
934,ghost-userspace,C
935,gif-for-cli,Python
936,GiftStick,Python
937,gin,
938,gin-config,Python
939,gipfeli,C++
940,git-annex-external-gcs,
941,git-appraise,Go
942,git-appraise-eclipse,Java
943,git-appraise-web,HTML
944,git-patrol,Python
945,git-phabricator-mirror,Go
946,git-presubmit-linter,Shell
947,git-pull-request-mirror,Go
948,git-rebaser,Python
949,git-sync-changes,Shell
950,git-tree,Rust
951,github-issue-mover,Dart
952,github-owners-bot,JavaScript
953,github-release-retry,Python
954,github-sandbox,
955,github_actions_playground,Python
956,github_nonpublic_api,Python
957,github_workflows_playground,
958,gitiles,Java
959,gitprotocolio,Go
960,gitwf,
961,gjstest,C++
962,gke-auditor,Java
963,gke-cloud-dns-tls,Python
964,gke-policy-automation,Go
965,GL-Shader-Validator,Python
966,glance-experimental-tools,Kotlin
967,glassbox,R
968,glazier,Python
969,glmmplus,R
970,globalfoundries-pdk-ip-gf180mcu_fd_ip_sram,Verilog
971,globalfoundries-pdk-libs-gf180mcu_fd_bd_sram,
972,globalfoundries-pdk-libs-gf180mcu_fd_io,Verilog
973,globalfoundries-pdk-libs-gf180mcu_fd_pr,Python
974,globalfoundries-pdk-libs-gf180mcu_fd_pv,Python
975,globalfoundries-pdk-libs-gf180mcu_fd_sc_mcu7t5v0,Verilog
976,globalfoundries-pdk-libs-gf180mcu_fd_sc_mcu9t5v0,Verilog
977,globalfoundries-pdk-libs-gf180mcu_osu_sc,
978,globalfoundries-pdks,
979,glog,C++
980,glome,C
981,glslang,
982,gmail-oauth2-tools,Python
983,gmailsnooze,JavaScript
984,gnostic,Go
985,gnostic-go-generator,Go
986,gnostic-grpc,Go
987,gnostic-models,Go
988,gnxi,Python
989,go-attestation,Go
990,go-cabfile,Go
991,go-circuits,Go
992,go-cloud,Go
993,go-cmdtest,Go
994,go-cmp,Go
995,go-containerregistry,Go
996,go-cpy,Go
997,go-dap,Go
998,go-flow-levee,Go
999,go-github,Go
1000,go-glicko2,
1001,go-intervals,Go
1002,go-jsonnet,Go
1003,go-licenses,Go
1004,go-metrics-stackdriver,Go
1005,go-microservice-helpers,Go
1006,go-p11-kit,Go
1007,go-patchutils,Go
1008,go-pbmoney,Go
1009,go-pcie-screamer,Go
1010,go-pcie-tlp,Go
1011,go-pipeline,Go
1012,go-pkcs11,Go
1013,go-querystring,Go
1014,go-react,Go
1015,go-replayers,Go
1016,go-safeweb,Go
1017,go-sev-guest,Go
1018,go-shlex,
1019,go-streaming-globber,Go
1020,go-structeditor,Go
1021,go-tdx-guest,Go
1022,go-tika,Go
1023,go-tpm,Go
1024,go-tpm-tools,C
1025,go-trace,Go
1026,go-tspi,Go
1027,go-webdav,Go
1028,go-write,Go
1029,goblet,Go
1030,gocw,Go
1031,godata,Go
1032,godepq,Go
1033,goexpect,Go
1034,gofountain,Go
1035,gofuzz,Go
1036,gojiraw,Go
1037,golden,Go
1038,golden-path-for-app-delivery,Go
1039,goldfinch,
1040,gomemcache,Go
1041,gonids,Go
1042,googet,Go
1043,google-analytics-utilities,JavaScript
1044,google-api-cpp-client,C++
1045,google-api-java-client-samples,Java
1046,google-api-javascript-client,CSS
1047,google-api-objectivec-client,
1048,google-api-objectivec-client-for-rest,Objective-C
1049,google-api-ruby-client-samples,
1050,google-apputils,Python
1051,google-authenticator,Java
1052,google-authenticator-android,Java
1053,google-authenticator-libpam,C
1054,google-ctf,Go
1055,google-drive-dokany,C
1056,google-drive-proxy,C#
1057,google-drive-shell-extension,C++
1058,google-empty-test-module,
1059,google-gdata,C#
1060,google-id-token,Ruby
1061,google-input-tools,JavaScript
1062,google-java-format,Java
1063,google-maven-parents,
1064,google-my-business-samples,Python
1065,google-reauth-python,Python
1066,google-toolbox-for-mac,Objective-C
1067,google-visualization-issues,
1068,google-visualization-java,Java
1069,google-visualization-python,Python
1070,google.github.io,HTML
1071,googleapis.dart,Dart
1072,GoogleAppMeasurement,Swift
1073,googleapps-message-recall,Python
1074,googleapps-password-generator,
1075,GoogleDataTransport,Objective-C
1076,googlemock,
1077,GoogleSignIn-iOS,Objective-C
1078,googlesource-auth-tools,Go
1079,googlesre,TypeScript
1080,googletest,C++
1081,googletest-rust,Rust
1082,googletv-android-samples,Java
1083,GoogleUtilities,Objective-C
1084,gopacket,Go
1085,gops,Go
1086,GOS-conventions,Shell
1087,goterm,Go
1088,gotrace,
1089,gousb,Go
1090,gov-meetings-made-searchable,Python
1091,gps-babel-tower,Python
1092,gps-measurement-tools,Java
1093,gps_data_solutions,Go
1094,gpt-disk-rs,Rust
1095,gpu-emulation-stress-test,C++
1096,gpu-mux,Python
1097,gpu-runtime,C++
1098,gradle-thrift-plugin,Java
1099,grafika,Java
1100,grain,Python
1101,graph-gen,Python
1102,graph-mining,C++
1103,graphicsfuzz,Java
1104,graph_distillation,Python
1105,grassland,TypeScript
1106,greasy,Shell
1107,grinder.dart,Dart
1108,grittibanzli,C++
1109,grizzly,Python
1110,ground-android,Kotlin
1111,ground-platform,TypeScript
1112,groupavail,JavaScript
1113,grpc-binary,Swift
1114,grpc-java-bazel-minimal,Java
1115,grpc-kapt,Kotlin
1116,grr,Python
1117,grr-doc,Python
1118,grrshell,Python
1119,grr_go_api_client,Go
1120,grr_go_client,Go
1121,grumpy,Go
1122,GSCXScanner,Objective-C
1123,gsocguides,CSS
1124,gson,Java
1125,gsrsup,C++
1126,gtasks-md,Python
1127,gtd-txt,Shell
1128,gtest-parallel,Python
1129,gtm-currency-rates-sync,JavaScript
1130,gtm-http-fetcher,Objective-C
1131,gtm-oauth,Objective-C
1132,gtm-oauth2,Objective-C
1133,gtm-session-fetcher,Objective-C
1134,GTMAppAuth,Swift
1135,gtm_load_timer,Objective-C
1136,gts,TypeScript
1137,GTXiLib,Objective-C
1138,guava,Java
1139,guava-beta-checker,Java
1140,guava-js-umd,JavaScript
1141,guetzli,C++
1142,guice,Java
1143,guice-aqueduct,Java
1144,gulava,Java
1145,gulp-google-closure-deps,JavaScript
1146,gumbel_sinkhorn,Python
1147,gumbo-parser,HTML
1148,gvisor,Go
1149,gvisor-containerd-shim,Go
1150,gvisor-website,HTML
1151,gwt-charts,Java
1152,gwteventbinder,Java
1153,gwtmockito,Java
1154,gxui,Go
1155,h2e_technical_documentation,
1156,hadoop-migration-assessment-tools,Java
1157,hammer-kit,C
1158,hana-bq-beam-connector,
1159,hangouts-chat-bot-cloud-function-nodejs-example,JavaScript
1160,har-sanitizer,Python
1161,har2csv,JavaScript
1162,hardware-perfcounter,C
1163,HardwarePrototypingToolkit,
1164,hark,
1165,harpia,Shell
1166,hashing-demo,C++
1167,hashr,Go
1168,hashtable-benchmarks,Jupyter Notebook
1169,haskell-indexer,Haskell
1170,haskell-trainings,Haskell
1171,hat-backup,Rust
1172,hctr2,C
1173,hdrnet,Python
1174,healthcare-text-annotation,
1175,heartbleed-burp-extension,Java
1176,heir,C++
1177,hell0world-curriculum,HTML
1178,helloargdx,Java
1179,helm-broker,Go
1180,heroku-buildpack-bazel,Shell
1181,hi-lassie,Python
1182,hiba,C
1183,hierarchical-state-machine.dart,Dart
1184,highway,C++
1185,highwayhash,C++
1186,hilbert,Go
1187,homebrew-google-authenticator,Ruby
1188,homebrew-xpra,Ruby
1189,honggfuzz,C
1190,hops,C++
1191,horenso,Perl
1192,horologist,Kotlin
1193,hotel-ads-etl-tool,Python
1194,hotel-booking-api-validator,Go
1195,hotels-template-library,C++
1196,hover,Java
1197,hrepl,Haskell
1198,hrx,CSS
1199,hrx-ruby,Ruby
1200,hs-attenuation,Haskell
1201,hs-batching,Haskell
1202,hs-collate,Haskell
1203,hs-dependent-literals,Haskell
1204,hs-fin-vec,Haskell
1205,hs-niche-containers,Haskell
1206,hs-numeric-logarithms,Haskell
1207,hs-portray,Haskell
1208,hs-ten,Haskell
1209,hs-wrapped,Haskell
1210,html-quiz,JavaScript
1211,http2preload,Go
1212,http_pattern_matcher,C++
1213,http_prefetching,JavaScript
1214,hubvantage,JavaScript
1215,hugeml,
1216,huproxy,Go
1217,hyou,Python
1218,hypebot,Python
1219,HyperCompressBench,Python
1220,hypernerf,Python
1221,HyperProtoBench,C++
1222,i18n_sanitycheck,Java
1223,iap-compute-engine-demo,HCL
1224,icing-search,
1225,iconvg,C
1226,idaidle,CMake
1227,ide-perf,Kotlin
1228,identity-aware-prober,Go
1229,identity-credential,Java
1230,identity-toolkit-go-client,Go
1231,identity-toolkit-java-client,Java
1232,identity-toolkit-node-client,JavaScript
1233,identity-toolkit-php-client,PHP
1234,identity-toolkit-python-client,Python
1235,identity-toolkit-ruby-client,Ruby
1236,IdleWakeups,C#
1237,Idris-dev,
1238,idris-protobuf,Idris
1239,if-this-then-ad,TypeScript
1240,ihmehimmeli,C++
1241,image-compression,C++
1242,image-rebase,Go
1243,image-supplemental-feed-creator,Python
1244,image_mix,Python
1245,impl_trait_utils,Rust
1246,import-mailbox-to-gmail,Python
1247,importlab,Python
1248,in-silico-labeling,Python
1249,inception,
1250,incremental-dom,TypeScript
1251,indexable-pwa-samples,JavaScript
1252,indexed-db-as-promised,JavaScript
1253,infact,C++
1254,infra-structured-map,Java
1255,init2winit,Python
1256,inject-common,Java
1257,inject.dart,Dart
1258,ink-stroke-modeler,C++
1259,inspectorspacetime,JavaScript
1260,inspiration_tree,Jupyter Notebook
1261,instant-hangouts,JavaScript
1262,instrumentsToPprof,Go
1263,integers,C++
1264,intelligent_annotation_dialogs,Jupyter Notebook
1265,intellij-cmdline-vcs-plugin,Java
1266,intellij-community,
1267,intellij-gn-plugin,Kotlin
1268,intellij-kotlin,
1269,intellij-protocol-buffer-editor,Java
1270,intermock,TypeScript
1271,interop-ios-for-google-sdks,Objective-C
1272,inverting-proxy,Go
1273,io-captions-gadget,Python
1274,ion,C++
1275,ios-chatbot,Objective-C
1276,ios-device-control,Java
1277,ios-webkit-debug-proxy,C
1278,iosched,Kotlin
1279,iosched-ios,Swift
1280,iot-environment-sensors,C++
1281,ioweb2015,JavaScript
1282,ioweb2016,HTML
1283,ipaddr-py,Python
1284,irrduino,Processing
1285,it-cert-automation,Python
1286,it-cert-automation-practice,Python
1287,it-cert-automation-project,Python
1288,j2cl,Java
1289,j2cl-protobuf,JavaScript
1290,j2objc,Java
1291,JacquardSDKAndroid,Java
1292,JacquardSDKiOS,Swift
1293,jacs,Python
1294,jalic,C
1295,jarjar,Java
1296,jarvan,Python
1297,java-monitoring-client-library,Java
1298,java-photoslibrary,Java
1299,java-run,Java
1300,java-sourcetools,Java
1301,java-thread-sanitizer,Java
1302,java-time-client,Java
1303,java-video-live-stream,Shell
1304,jax,Python
1305,jax-cfd,Jupyter Notebook
1306,jaxite,Python
1307,jaxonnxruntime,Python
1308,jaxopt,Python
1309,jaxtyping,Python
1310,jenkins-flaky-test-report,
1311,jetpack-camera-app,Kotlin
1312,jimfs,Java
1313,jira-to-issues,TypeScript
1314,jni-bind,C++
1315,joint_vae,OpenEdge ABL
1316,js-green-licenses,TypeScript
1317,jsaction,JavaScript
1318,jscin,JavaScript
1319,jse4conf,Java
1320,jsinterop-annotations,Java
1321,jsinterop-base,Java
1322,jsinterop-generator,Java
1323,json-sans-eval,HTML
1324,json5format,Rust
1325,jsonapi,Go
1326,jsonnet,Jsonnet
1327,jsontoken,Java
1328,jsontoken-tmp,
1329,json_serializable.dart,Dart
1330,jws,Python
1331,jwt_verify_lib,C++
1332,k8s-digester,Go
1333,kafel,C
1334,karma-webkit-launcher,JavaScript
1335,kasane,Python
1336,kati,C++
1337,kctf,Go
1338,keep-sorted,Go
1339,kepler,Python
1340,keps,Go
1341,kernel-sanitizers,Python
1342,keyczar,
1343,keystone,Elm
1344,keytransparency,Go
1345,keytransparency-java,Java
1346,keyword_factory,Python
1347,kf,Go
1348,khll-paper-experiments,
1349,kilt,Go
1350,kinda-tidy,Python
1351,kiosk-app-reference-implementation,Kotlin
1352,kir-holiday-lights,Lasso
1353,kiwi-solver,Java
1354,kleaver,C
1355,kmsan,C
1356,knative-gcp,Go
1357,knowledge-base-gmail-addon,JavaScript
1358,knusperli,C++
1359,kotlin,Kotlin
1360,Kotlin-FirViewer,Kotlin
1361,kratu,JavaScript
1362,ksp,Kotlin
1363,ktsan,
1364,kube-node-tracer,Shell
1365,kube-startup-cpu-boost,Go
1366,kunit-docs,HTML
1367,kv-s3105c,C
1368,kythe-cloud9,JavaScript
1369,labs-prototypes,TypeScript
1370,lab_device_proxy,Python
1371,langfun,Python
1372,language-jsonnet,
1373,language-resources,C++
1374,lasr,Python
1375,lassie,Python
1376,lasso,JavaScript
1377,last-fm-dashboard,JavaScript
1378,latency-benchmark,C
1379,latexify_py,Python
1380,layered-scene-inference,Python
1381,ldif,Python
1382,ldpush,Python
1383,learn-oss-with-google,Python
1384,learned_optimization,Python
1385,learn_unsafe_rust,
1386,lecam-gan,Jupyter Notebook
1387,Legilimency,Python
1388,leveldb,C++
1389,lexical-masks,Python
1390,libaddressinput,C++
1391,libcppbor,C++
1392,libcxx,C++
1393,libgep,C++
1394,libhidtelephony,TypeScript
1395,libhoth,C
1396,libkml,C++
1397,liblc3,C
1398,libnop,C++
1399,libnss-cache,C
1400,libpam-policycache,C
1401,libphonenumber,C++
1402,libprio-cc,C++
1403,libprotobuf-mutator,C++
1404,libprotobuf-mutator-asn1,C++
1405,library-wrapper-unity-common,C#
1406,library-wrapper-unity-openjdk8,C#
1407,librato.dart,Dart
1408,libsbc,C
1409,libsxg,C
1410,libtracecmd-rs,Rust
1411,libtrusttoken,C++
1412,libultrahdr,C++
1413,liburing_cpp,C++
1414,licensecheck,Go
1415,licenseclassifier,Go
1416,lifetime_value,Jupyter Notebook
1417,light-my-piano,Python
1418,lightweight_mmm,Python
1419,linear-book-scanner,Python
1420,lineax,Python
1421,link-diver,TypeScript
1422,link022,Go
1423,lintush,JavaScript
1424,linux-sensor,C
1425,lipsync,JavaScript
1426,liquidfun,C++
1427,LiquidFunPaint,Java
1428,lisp-koans,Common Lisp
1429,lium,Rust
1430,live-transcribe-speech-engine,Java
1431,lkml-gerrit-bridge,Python
1432,lk_onload_stub,C
1433,lldb-eval,C++
1434,LLpatch,C++
1435,llvm-bazel,Starlark
1436,llvm-premerge-checks,Python
1437,llvm-project,
1438,llvm-propeller,Shell
1439,lmctfy,C++
1440,loaner,Python
1441,localized-narratives,HTML
1442,localsubnetsetd,Python
1443,localtoast,Go
1444,log4jscanner,Go
1445,logger,Go
1446,longbet,C++
1447,longt5,
1448,look-before-you-speak,HTML
1449,looker-studio-dashboard-cloner,TypeScript
1450,lovefield,JavaScript
1451,low_volume_skus,JavaScript
1452,lullaby,C++
1453,lut3d_utils,Python
1454,lvmd,Go
1455,lyra,C++
1456,MAB,R
1457,macops,Python
1458,macops-keychainminder,Objective-C
1459,macops-MOLAuthenticatingURLSession,Objective-C
1460,macops-molcertificate,Objective-C
1461,macops-molcodesignchecker,Objective-C
1462,macops-MOLFCMClient,Objective-C
1463,macops-MOLXPCConnection,Objective-C
1464,macops-MOMenu,Objective-C
1465,macops-planb,Objective-C
1466,maddpg-replication,Jupyter Notebook
1467,madi,Python
1468,magic-github-proxy,Python
1469,magritte,C++
1470,mail-importer,Java
1471,makani,C++
1472,makerfaire-booth,Python
1473,makerspace-auth,Python
1474,makerspace-emonth,KiCad
1475,makerspace-lipo-charger,Makefile
1476,makerspace-partsbin,Python
1477,maketrace,C++
1478,making_with_ml,Jupyter Notebook
1479,mako,C++
1480,maldoca,C++
1481,malt-example-models,
1482,mandiant-ti-client,Python
1483,mangle,Go
1484,mannequinchallenge,Python
1485,maps-for-work-samples,
1486,marl,C++
1487,marmot,Go
1488,martian,Go
1489,martian-java,Java
1490,marzipano,JavaScript
1491,matched_markets,Python
1492,material-design-icons,
1493,material-design-lite,HTML
1494,mathfu,C++
1495,mathsteps,JavaScript
1496,matr,Rust
1497,mawfs,Go
1498,maxtext,Python
1499,mcafp,Python
1500,mcic-coco,
1501,mcp2221-rs,Rust
1502,mdbook-i18n-helpers,Rust
1503,mdoc-credential,Kotlin
1504,mechahamster,C#
1505,mediapipe,C++
1506,mediapy,Jupyter Notebook
1507,meet-on-fhir,JavaScript
1508,megalista,Python
1509,memcache-collections,Python
1510,memcpy-gemm,C++
1511,mentornet,Python
1512,merchant_center_repor_builder,Python
1513,merge_pyi,Python
1514,merror,C++
1515,metamath.js,JavaScript
1516,metaserver,Go
1517,meta_tagger,Python
1518,meterstick,Jupyter Notebook
1519,metrosvg,C++
1520,microdhcpd,Go
1521,microscopeimagequality,Python
1522,midi-dump-tools,C
1523,mimosa,C++
1524,minetest_pnr,Rust
1525,minijail,
1526,minimalloc,C++
1527,minions,Go
1528,mipnerf,Python
1529,mipsqa,Python
1530,mirandum,Python
1531,mirror-branch-action,TypeScript
1532,ml-compiler-opt,Python
1533,ml-fairness-gym,Python
1534,ml-metadata,C++
1535,mlir-hs,Haskell
1536,mlir-npcomp,
1537,ml_collections,Python
1538,mobile-data-download,Java
1539,mobly,Python
1540,mobly-bundled-snippets,Java
1541,mobly-snippet-lib,
1542,mobly-windows,Python
1543,mockable_filesystem.dart,Dart
1544,model-transparency,Python
1545,model-verifier-in-kotlin,Kotlin
1546,model-viewer,TypeScript
1547,model_search,Python
1548,modem,Jupyter Notebook
1549,modernstorage,Kotlin
1550,module-server,JavaScript
1551,MOE,Java
1552,MOE-py,Java
1553,monologue,Go
1554,mono_repo.dart,Dart
1555,monster-mash,C++
1556,moodle-on-gcp,Shell
1557,morphie,C++
1558,mosaic,Rust
1559,motive,C++
1560,mount-zip,C++
1561,mouse-pose-analysis,C++
1562,mouse-pose-analysis-dataset,Jupyter Notebook
1563,moveit,Rust
1564,mozart,Python
1565,mozc,C++
1566,mozc-devices,Python
1567,mpact-riscv,C++
1568,mpact-sim,C++
1569,mpact-sim-codelabs,C++
1570,mr4c,Java
1571,ms-tpm-20-ref,C
1572,msft-on-gcp-code-samples,HCL
1573,mt,C++
1574,mtail,Go
1575,mug,Java
1576,multi-task-architecture-search,Python
1577,multibox,
1578,multichannel-audio-tools,C++
1579,multichase,C
1580,multispecies-whale-detection,Python
1581,mundane,Rust
1582,music-synthesizer-for-android,Jupyter Notebook
1583,mweb-analysis-tools,JavaScript
1584,myanmar-tools,Java
1585,myelin-acorn-electron-hardware,Python
1586,mysql,C++
1587,mysql-protobuf,C++
1588,mysql-ripple,C++
1589,mysql-tools,Python
1590,mysteryofthreebots,TypeScript
1591,mystyle,Python
1592,n-digit-mnist,Python
1593,namebench,Go
1594,nanolibc,C
1595,nanopb-cpputest-comparators,C++
1596,nanopb-podspec,Ruby
1597,native-pkcs11,Rust
1598,navc,Go
1599,navi,Jupyter Notebook
1600,nccl-fastsocket,C++
1601,ndash,C++
1602,ndprbrd,C++
1603,nearby,C++
1604,nel-collector,Go
1605,nel-reporter-java,Java
1606,neper,C
1607,nerfactor,Python
1608,nerfies,Python
1609,netbsd-gce,Shell
1610,netstack,Go
1611,network-mapper,
1612,network-opt,C++
1613,network-visualizer-x,
1614,net_http,C++
1615,neural-light-transport,Python
1616,neural-logic-machines,Python
1617,neural-tangents,Jupyter Notebook
1618,neural_rerendering_in_the_wild,Python
1619,neuroglancer,TypeScript
1620,NeuroNER-CSPMC,Python
1621,new-project,
1622,next-prediction,Python
1623,nfc-smart-tag,Java
1624,nftables,Go
1625,nginx-sxg-module,C
1626,ngrx-visualizer,TypeScript
1627,ngx_brotli,C
1628,ngx_token_binding,C
1629,night-sight,
1630,nips_assignments,C++
1631,nitroml,Jupyter Notebook
1632,nixysa,Python
1633,NLSdata,R
1634,node-armor,
1635,node-dependency-analysis,TypeScript
1636,node-fastify-auto-push,TypeScript
1637,node-gles,C++
1638,node-h2-auto-push,TypeScript
1639,node-nest,JavaScript
1640,node-sec-roadmap,JavaScript
1641,nodejs-container-image-builder,TypeScript
1642,nodejs-wiki,JavaScript
1643,nogotofail,Python
1644,nomulus,Java
1645,note-maps,Go
1646,novm,Go
1647,nsc-tutorial,Jupyter Notebook
1648,nsjail,C++
1649,nsscache,Python
1650,nsync,C
1651,nucleus,C++
1652,nvidia_libs_test,C++
1653,o3dtoydefense,JavaScript
1654,oatts,JavaScript
1655,oauth2l,Go
1656,objax,Python
1657,objectfilter,Python
1658,oboe,C++
1659,observable,Dart
1660,OctoPrint-HeaterTimeout,Python
1661,OctoPrint-LEDStripControl,Python
1662,OctoPrint-TemperatureFailsafe,Python
1663,oculi,Jupyter Notebook
1664,offline-content-packager,
1665,ohmu,C++
1666,okay,Go
1667,older-mirrored-patches,
1668,omaha,C++
1669,omnimatte-sp,Python
1670,ondc-opencommerce,Go
1671,one-weird-trick,Jupyter Notebook
1672,oodle-demo,HTML
1673,open-chiplet,
1674,open-dice,C++
1675,open-gantry,CSS
1676,open-location-code,Java
1677,open-location-code-swift,Swift
1678,open-source-pdks,
1679,open-vcdiff,C++
1680,opencasebook,Ruby
1681,opendocs,
1682,openhtf,Python
1683,openintent,
1684,openjdk-kerberos,Java
1685,openpgp-interop,
1686,openrtb,Java
1687,openrtb-doubleclick,Java
1688,OpenSK,Rust
1689,opensmartbutton,C
1690,openssl-tests,Makefile
1691,opentest,
1692,opentest4j,Java
1693,optic,
1694,opuscpp,C++
1695,or-models,
1696,or-tools,C++
1697,orbax,Python
1698,orbit,C++
1699,orchestra,Python
1700,orderedcode,Go
1701,ORFConverter,C#
1702,organ-donor-app,
1703,orismologer,Go
1704,ormolu,Haskell
1705,orthotope,Haskell
1706,osdetector-gradle-plugin,Java
1707,osdfir-infrastructure,Shell
1708,osqp-cpp,C++
1709,oss-bench,
1710,oss-fuzz,Shell
1711,oss-fuzz-vulns,Python
1712,oss-policies-info,
1713,oss-vulnerability-guide,
1714,osv-scanner,Go
1715,osv.dev,Python
1716,ot-crdt-papers,JavaScript
1717,ota-analyzer,JavaScript
1718,ota-generator,Python
1719,outrigger,JavaScript
1720,overcoming-conflicting-data,
1721,p4-pdpi,C++
1722,packet-queue,Python
1723,packetdrill,C
1724,paco,Objective-C
1725,page-timer,JavaScript
1726,pageloader,Dart
1727,pagespeed-inslides,JavaScript
1728,palette.js,JavaScript
1729,pam-cryptsetup,C
1730,pandas,
1731,paper-gui,HTML
1732,paragraph,C++
1733,parallel-chunks,Python
1734,parallel_accel,Python
1735,paramgmt,Python
1736,param_runner,Shell
1737,paranoid_crypto,Python
1738,partner-ads-experience,TypeScript
1739,paseos,JavaScript
1740,password-alert,JavaScript
1741,password-sync-support-tool,VBScript
1742,pasta,Python
1743,patchfield,Java
1744,patents-public-data,Jupyter Notebook
1745,path-auditor,C++
1746,patrick,R
1747,pawn,C++
1748,paxml,Python
1749,payjs,JavaScript
1750,pblog,C
1751,pbvi,Python
1752,pcbdl,Python
1753,pdl,Rust
1754,pdl-language,
1755,pedantic,Dart
1756,peg-typed,Kotlin
1757,peoplemath,TypeScript
1758,pepper.js,JavaScript
1759,percy-node,JavaScript
1760,perfetto,C++
1761,perforce-utils,Shell
1762,perf_api.dart,Dart
1763,perf_data_converter,C++
1764,periph,Go
1765,peripheral-customization-pwa,TypeScript
1766,permhash,Python
1767,personfinder,Python
1768,pezl,Go
1769,pg_page_verification,C
1770,phase-prediction,HTML
1771,phoneme-aligned-graphemes-in-tts,HTML
1772,photo-sphere,
1773,php-crc32,PHP
1774,php-photoslibrary,PHP
1775,physical-web,Java
1776,physical-web-core,
1777,physics-math-tutorials,Jupyter Notebook
1778,pica,Python
1779,picasa-app-demo,Java
1780,picatrix,Python
1781,picview-for-android,Java
1782,pienoon,C++
1783,piex,C++
1784,pigweed,C++
1785,pik,C++
1786,pikov,Jupyter Notebook
1787,pindrop,C++
1788,pinject,Python
1789,pinotify,Java
1790,PINT,C
1791,pix-image-viewer,Rust
1792,pixelate,TypeScript
1793,pixelcycle-sample-app,Dart
1794,pixelvisualcorecamera,Java
1795,pjflate,Java
1796,pkcs11test,C++
1797,platform.dart,Dart
1798,platforms-bios-buildenv,Dockerfile
1799,platform_benchmarks,
1800,play-instant-unity-plugin,C#
1801,play-licensing,Java
1802,play-services-plugins,Java
1803,play-unity-plugins,C#
1804,play-work,Java
1805,playground-elements,TypeScript
1806,playhvz,Kotlin
1807,plb,
1808,plusfish,C++
1809,pmax_best_practices_dashboard,Shell
1810,pmax_migration,Python
1811,pods-helper,Objective-C
1812,polymer-dart-log-controller,Dart
1813,polymorphicDSL,Java
1814,polynomial-practice,HTML
1815,portrait-shadow-manipulation,Jupyter Notebook
1816,poseshield-tfjs,Vue
1817,postcss-rename,TypeScript
1818,postcss-src,TypeScript
1819,power-traces,Protocol Buffer
1820,poweranalysis,R
1821,powered-caster-vehicle,C++
1822,pprof,Go
1823,pprof-nodejs,JavaScript
1824,praxis,Python
1825,pre-commit-tool-hooks,Python
1826,prediction_framework,Python
1827,prefab,Kotlin
1828,prerender-test,JavaScript
1829,prettytensor,Python
1830,privacy-sandbox-aggregation-service,Go
1831,private-compute-libraries,Kotlin
1832,private-compute-services,Java
1833,private-join-and-compute,C++
1834,private-membership,C++
1835,private-retrieval,Java
1836,process.dart,Dart
1837,processingjs-ide,JavaScript
1838,process_runner,Dart
1839,prochlo,C++
1840,product-dsa,Python
1841,product_return_predictor,Python
1842,product_video_ads,TypeScript
1843,profiling-data-processing-model-isca23-ae,Python
1844,profit-bidder,Shell
1845,prog-edu-assistant,Jupyter Notebook
1846,prog-edu-assistant-quizzes,Jupyter Notebook
1847,project-eager,Jupyter Notebook
1848,project-gameface,Python
1849,project-OCEAN,Python
1850,project_cartesian,Python
1851,prometheus-slo-burn-example,Go
1852,promises,Objective-C
1853,prompt-to-prompt,Jupyter Notebook
1854,proto-lens,Haskell
1855,proto-quic,
1856,proto-task-queue,Python
1857,protobuf-dt,Java
1858,protobuf-gradle-plugin,Groovy
1859,protobuf.dart,Dart
1860,protocall,Python
1861,protodatastore-cpp,C++
1862,protorpc,Python
1863,prudaq,Eagle
1864,PS3ControllerAutoSleep,AppleScript
1865,psp,C
1866,ps_log,PowerShell
1867,pubkeystore,Go
1868,pubsubhubbub,
1869,pub_cache,Dart
1870,pulito,JavaScript
1871,pull-request-mailer,Haskell
1872,pullsheet,Go
1873,purr,Shell
1874,pwlfit,Jupyter Notebook
1875,py-ast-utils,Python
1876,py-decorators-tutorial,Jupyter Notebook
1877,py-html-contextual-escaping,Python
1878,pyaedj,Python
1879,pybadges,Python
1880,pycnite,Python
1881,pyctr,Python
1882,pyglove,Python
1883,pygtrie,Python
1884,pyink,Python
1885,pymql,Python
1886,pyringe,Python
1887,pyrios,Go
1888,python-adb,Python
1889,python-atfork,Python
1890,python-card-framework,Python
1891,python-cloud-utils,Python
1892,python-dimond,Python
1893,python-fanotify,C
1894,python-fire,Python
1895,python-gflags,Python
1896,python-lakeside,Python
1897,python-laurel,Python
1898,python-proto-converter,Python
1899,python-security-manager,Python
1900,python-spanner-orm,Python
1901,python-subprocess32,Python
1902,python-temescal,Python
1903,python-yaml-config,Python
1904,python_portpicker,Python
1905,pytruth,Python
1906,pytype,Python
1907,pytypedecl,Python
1908,pyu2f,Python
1909,pyvisionproductsearch,Python
1910,pywrapcc,C++
1911,qhbm-library,Python
1912,qkeras,Python
1913,qpp,JavaScript
1914,qrisp,C++
1915,quark,C
1916,quic-trace,C++
1917,quiche,C++
1918,quickshift,C++
1919,quiver-dart,Dart
1920,quiver-log,Dart
1921,quota-monitoring-solution,Java
1922,radioreceiver,JavaScript
1923,radium,HTML
1924,rainbow,C++
1925,rally,Java
1926,randen,C++
1927,randomized-graphics-shaders,GLSL
1928,rappor,R
1929,rax,Python
1930,rba,Jupyter Notebook
1931,rbe-integration-test,Python
1932,rct-automation,C++
1933,rdma-unit-test,C++
1934,re2,C++
1935,re2-wasm,TypeScript
1936,re2d,D
1937,re2j,Java
1938,react-schemaorg,TypeScript
1939,readahead,Go
1940,reagera,Java
1941,real-time-intelligence-workshop,Jupyter Notebook
1942,realestate10k,HTML
1943,realtime-help,Python
1944,REAPER,C++
1945,reboot-somalia,
1946,recaptcha,PHP
1947,receipts-to-riches-part1,C#
1948,receipts-to-riches-part2,C#
1949,recki-ct,PHP
1950,recog,JavaScript
1951,recursive-version-control-system,Go
1952,RED,MATLAB
1953,redgrep,C++
1954,Refaster,Java
1955,referring-manipulation,Python
1956,reflectable.dart,Dart
1957,reflow-list,TypeScript
1958,refr,C++
1959,reftable,C
1960,region-flags,HTML
1961,rejoiner,Java
1962,rekall,Python
1963,rekall-profiles,HTML
1964,renameio,Go
1965,render-timing-for-unity,C++
1966,report2bq,Python
1967,reportlatency,Perl
1968,repose,Python
1969,repository-lifecycle,Dart
1970,request-test,Python
1971,rerast,Rust
1972,rescue-tools-reiserfs,Python
1973,resolver-library,Python
1974,responsible-innovation,Jupyter Notebook
1975,responsive-search-ads-builder,JavaScript
1976,restor,Objective-C
1977,resultstoreui,Python
1978,resumable-assert,C
1979,retiming,Python
1980,retrieval-qa-eval,Python
1981,retriever_parsing,Python
1982,retrofit,Java
1983,revisiting-self-supervised,Python
1984,rfmt,Python
1985,rich-test-results,Java
1986,riegeli,C++
1987,ringdroid,Java
1988,ripunzip,Rust
1989,river,
1990,robotstxt,C++
1991,robotstxt-java,Java
1992,robotstxt-spec-test,Java
1993,roman-word-bubbling,CSS
1994,rootcanal,C++
1995,roughtime,
1996,rowhammer-test,C++
1997,rpki-mgmt,Puppet
1998,rpmpack,Go
1999,rrg,Rust
2000,rtb_creative_filtering_report,TypeScript
2001,rtb_troubleshooting_connector,JavaScript
2002,rtc-video-quality,Python
2003,rttcp,Python
2004,rubik,Python
2005,ruby-openid-apps-discovery,Ruby
2006,rune,C
2007,rust-async-coap,Rust
2008,rust-crate-audits,
2009,rust-deadlock-avoidance,Rust
2010,rust-design-faq,
2011,rust-multihash,Rust
2012,rust-p9,Rust
2013,rust-scudo,Rust
2014,rust-shell,Rust
2015,rustcxx,Rust
2016,rust_icu,Rust
2017,ruy,C++
2018,rxcppuniq,C++
2019,rysim,Erlang
2020,s2-geometry-library-java,Java
2021,s2a-go,Go
2022,s2geometry,C++
2023,sa360-bidbyweather,JavaScript
2024,sa360-bigquery-bootstrapper,Python
2025,sa360-bulk-editor,JavaScript
2026,sa360-flightsfeed,JavaScript
2027,sa360-webquery-bigquery,Java
2028,safe-active-record,Ruby
2029,safe-html-types,Java
2030,safebrowsing,Go
2031,safehtml,Go
2032,Safelight,JavaScript
2033,safeside,C++
2034,safetext,Go
2035,safevalues,TypeScript
2036,safevarargs,
2037,sagetv,Java
2038,saka,Python
2039,samba-documents-provider,Java
2040,sample-sql-translator,Python
2041,samurai,Python
2042,sandboxed-api,C++
2043,sanitizers,C
2044,santa,Objective-C
2045,santa-tracker-android,Java
2046,santa-tracker-web,JavaScript
2047,sass_generator,
2048,sawbuck,C++
2049,saxml,Python
2050,sbat-rs,Rust
2051,scaaml,Python
2052,scene_lab,C++
2053,schedviz,Go
2054,schema-dts,TypeScript
2055,schemaorg-java,Java
2056,schemarama,JavaScript
2057,schism,Scheme
2058,science-journal-arduino,C
2059,scrollytell,TypeScript
2060,sealedcomputing,C++
2061,search-samples,Java
2062,season-of-docs,
2063,seatera,Python
2064,secret-manager-with-sendgrid,Python
2065,secrets-gradle-plugin,Kotlin
2066,securemessage,C++
2067,security-annotation-tools,Kotlin
2068,security-crawl-maze,HTML
2069,security-research,C
2070,security-research-pocs,C++
2071,security-testbeds,Python
2072,seesaw,Go
2073,segment,Go
2074,segy-stack,C++
2075,self-hosted-rss-to-email,Go
2076,self-published-geo,Python
2077,selinux-policy-languages,
2078,semantic-locators,JavaScript
2079,sensei,C++
2080,sensor-data-collection-library,Java
2081,sentencepiece,C++
2082,seq2seq,Python
2083,seqio,Python
2084,serde_json5,
2085,serde_json_lenient,Rust
2086,serialization.dart,Dart
2087,service-worker-detector,JavaScript
2088,service_worker.dart,Dart
2089,setfilters,Java
2090,sf-evolve-forms,Apex
2091,sg2im,Python
2092,sge-monorepo,Go
2093,sgtm-event-data-filter,Smarty
2094,sgtm-ga4-to-bigquery,Smarty
2095,sgtm-migrator,TypeScript
2096,sha1dc-jni,Java
2097,shaderc,C++
2098,shaderc-rs,Rust
2099,shadertrap,C++
2100,shell-encryption,C++
2101,shenzhen-go,JavaScript
2102,shifter,Go
2103,shipshape,Go
2104,shipshape-demo,Python
2105,shlex,Go
2106,shopping-markup,Python
2107,shopping_insider,Python
2108,shoptimizer,Python
2109,shuwa,Python
2110,silifuzz,C++
2111,simhospital,Go
2112,simple-pedometer,Java
2113,simple-reinforcement-learning,Python
2114,simplecfg,Java
2115,sirius,
2116,site-kit-wp,JavaScript
2117,skia,C++
2118,skia-buildbot,Go
2119,skicka,Go
2120,sky-optimization,
2121,sky90fd-pdk,
2122,skylark,Go
2123,skyline_rl_lab,Jupyter Notebook
2124,skywater-pdk,Python
2125,skywater-pdk-actions,Python
2126,skywater-pdk-ip-sky90fd_fd_ip_sram,
2127,skywater-pdk-libs-sky130_bag3_pr,Python
2128,skywater-pdk-libs-sky130_fd_bd_sram,
2129,skywater-pdk-libs-sky130_fd_io,Verilog
2130,skywater-pdk-libs-sky130_fd_pr,
2131,skywater-pdk-libs-sky130_fd_pr_reram,
2132,skywater-pdk-libs-sky130_fd_sc_hd,Verilog
2133,skywater-pdk-libs-sky130_fd_sc_hdll,Verilog
2134,skywater-pdk-libs-sky130_fd_sc_hs,Verilog
2135,skywater-pdk-libs-sky130_fd_sc_hvl,Verilog
2136,skywater-pdk-libs-sky130_fd_sc_lp,Verilog
2137,skywater-pdk-libs-sky130_fd_sc_ls,Verilog
2138,skywater-pdk-libs-sky130_fd_sc_ms,Verilog
2139,skywater-pdk-libs-sky90fd_fd_io,
2140,skywater-pdk-libs-sky90fd_fd_pr,
2141,skywater-pdk-libs-sky90fd_fd_sc,
2142,skywater-pdk-libs-sky90fd_osu_sc,
2143,skywater-pdk-sky130-raw-data,Jupyter Notebook
2144,skywater-pdks,
2145,sling,C++
2146,slo-generator,Python
2147,slothfs,Go
2148,slowfs,Go
2149,slowjam,HTML
2150,smali,Java
2151,smbios-validation-tool,Go
2152,smccc,Rust
2153,smilesparser,Python
2154,snaplayout-for-xmonad,Haskell
2155,snappy,C++
2156,snappy-start,C
2157,snippet-uiautomator,Java
2158,software-product-sprint,Java
2159,sonic-midi,Ruby
2160,sonic-p4rt,
2161,soong_verification,Lean
2162,sound-checker,Kotlin
2163,souper,C++
2164,source_helper.dart,Dart
2165,source_transformer.dart,Dart
2166,sparrowhawk,Shell
2167,spatial-media,Python
2168,spatiotemporal-graphnn-tf,Jupyter Notebook
2169,speaker-id,Python
2170,spectral-density,Python
2171,speech_intelligibility_index,Python
2172,speech_style_transfer,HTML
2173,speed-opportunity-finder,Python
2174,speedy,C++
2175,spherical-harmonics,C++
2176,spindle-dv360,Python
2177,spirv-tutor,Shell
2178,splice,Go
2179,spline,Java
2180,splitbrain,Python
2181,splot-java,Java
2182,sprockets,Python
2183,sqlcommenter,PHP
2184,sqlcommenter-laravel-php,PHP
2185,sqlcommenter-php,PHP
2186,squidwarden,Go
2187,squires,Python
2188,sredocs,Go
2189,sre_yield,Python
2190,sshkey-audit,Go
2191,ssl_logger,Python
2192,stable-retraining-conversational-agents,
2193,standard-payments,
2194,starlark-go,Go
2195,starlark-rust,
2196,starthinker,Python
2197,startup-os,Java
2198,statechart,C++
2199,steamkeysactivator,AppleScript
2200,stenographer,Go
2201,step197-2020,Java
2202,step49-2020,Java
2203,stereo-magnification,Python
2204,stijl,JavaScript
2205,stm32-bootloader-client-rs,Rust
2206,stm32_bare_lib,C
2207,storybench,Python
2208,strabo,Elixir
2209,StrawNet,HTML
2210,streamhtmlparser,C
2211,streaming_hdp,Go
2212,streamy-dart,Dart
2213,streetview-publish-client-libraries,Java
2214,stress_transfer,Python
2215,strict-csp,TypeScript
2216,struct2tensor,Python
2217,structured_labels,Python
2218,stumblybot,Python
2219,styleguide,HTML
2220,subcommands,Go
2221,subpar,Python
2222,summit-ast,Kotlin
2223,supersonic,C++
2224,supl-client,Java
2225,support-case-notifications,Shell
2226,support-tools,Python
2227,svalbard,Go
2228,svcca,Jupyter Notebook
2229,swift,
2230,swift-benchmark,Swift
2231,swift-clang,C++
2232,swift-cmark,C
2233,swift-compiler-rt,C
2234,swift-corelibs-foundation,C
2235,swift-corelibs-libdispatch,C
2236,swift-corelibs-xctest,Swift
2237,swift-integration-tests,Python
2238,swift-jupyter,Python
2239,swift-llbuild,C++
2240,swift-lldb,C++
2241,swift-llvm,LLVM
2242,swift-package-manager,Swift
2243,swift-structural,Swift
2244,swiftlogfirecloud,Swift
2245,swiftshader,C++
2246,swissgl,JavaScript
2247,sxg-rs,Rust
2248,sxg-validator,JavaScript
2249,sycophancy-intervention,Python
2250,sympy2jax,Python
2251,sync3k-client,TypeScript
2252,sync3k-server,Scala
2253,sync_http.dart,Dart
2254,synergyfinderengineered,R
2255,synthesizer-io,Rust
2256,synthmark,C++
2257,systemjs,JavaScript
2258,syzkaller,Go
2259,syzygy,C++
2260,szl,C++
2261,t5patches,Python
2262,tabletopaudio-action,TypeScript
2263,tabuli,C
2264,tachometer,TypeScript
2265,tacotron,HTML
2266,tadau,Python
2267,TaglessCRM,Python
2268,takeout,
2269,talkback,Java
2270,talos-dv360,JavaScript
2271,tamperchrome,TypeScript
2272,tangent,Python
2273,taqo-paco,Dart
2274,tarpc,Rust
2275,taxonomy_wizard,Python
2276,tcav-for-ehr,Python
2277,tcli,Python
2278,tcmalloc,C++
2279,tcpauth,C
2280,tcp_killer,Python
2281,tec-web-assignments,JavaScript
2282,teknowledge,Python
2283,tekton-slsa-demo,Shell
2284,telluride_decoding,Python
2285,templatekit,Objective-C
2286,temporian,Python
2287,tensorflow-recorder,Python
2288,tensorflow-tools,JavaScript
2289,TensorNetwork,Python
2290,tensorstore,C++
2291,terminal-app-function-keys,Python
2292,terminal-py,Python
2293,tern-closure,JavaScript
2294,terraform-google-security-health-checker,HCL
2295,testimony,Go
2296,TestParameterInjector,Java
2297,testrun,Python
2298,testRunner,JavaScript
2299,testrunner-rosemary,Java
2300,text2text,Python
2301,textfsm,Python
2302,tf-quant-finance,Python
2303,tf-shell,C++
2304,tfjs-mnist-workshop,Jupyter Notebook
2305,tflow2,Go
2306,tfp-causalimpact,Python
2307,tf_mesh_renderer,Python
2308,thread-weaver,Java
2309,tie,JavaScript
2310,tiff,Go
2311,tim-gan,Python
2312,timecast,Python
2313,timesketch,Python
2314,tink,Java
2315,tinkCryptoHelper,Java
2316,tirg,Python
2317,tmppy,Python
2318,tock,Rust
2319,tock-on-titan,Rust
2320,todo-tracks,Go
2321,token_bind,C
2322,topdown-btg-preordering,C++
2323,TouchTime,Java
2324,tour-of-wgsl,TypeScript
2325,tpm-js,C++
2326,trace-viewer,
2327,traceout,Go
2328,traceur-compiler,JavaScript
2329,tracing-framework,JavaScript
2330,trajax,Python
2331,transit,
2332,transitfeed,Python
2333,translation-cards,Java
2334,transliteration,
2335,transmat,TypeScript
2336,transperf,Python
2337,travel-impact-model,
2338,trax,Python
2339,tree-math,Python
2340,triage-party,Go
2341,triemap,Go
2342,triggerator,TypeScript
2343,trillian,Go
2344,trillian-examples,Go
2345,trillian-website,HTML
2346,trimmed_match,Python
2347,tritious,JavaScript
2348,trix-auto-complete,JavaScript
2349,truestreet,Go
2350,trueview-sdf-generator,JavaScript
2351,trusted-key-value-server,C++
2352,trusted-worklet-server,C++
2353,TrustScore,Jupyter Notebook
2354,truth,Java
2355,ts-bridge,Go
2356,ts-gulp,
2357,tsec,TypeScript
2358,tsl,C++
2359,tsmok,Python
2360,tsunami,TypeScript
2361,tsunami-security-scanner,Java
2362,tsunami-security-scanner-callback-server,Java
2363,tsunami-security-scanner-plugins,Java
2364,tsunami-security-scanner-testbed,Go
2365,tsviewdb,JavaScript
2366,tuneup.dart,Dart
2367,tuple.dart,Dart
2368,turbine,Java
2369,turbinia,Python
2370,turing-doodle,JavaScript
2371,tweakr,JavaScript
2372,tweakr-codelab,Kotlin
2373,typedoc-neo-theme,HTML
2374,typograms,JavaScript
2375,u2f-ref-code,JavaScript
2376,ubntools,Go
2377,ui-exp-dg,Dart
2378,UIforETW,C++
2379,uiimage-additions,Objective-C
2380,uis-rnn,Python
2381,ukey2,Java
2382,ukip,Python
2383,uncertainty-baselines,Python
2384,uniflow-polymer,HTML
2385,unigem-objective-c,Objective-C
2386,unimorph,HTML
2387,universal-dash-transmuxer,C++
2388,unsmear,C++
2389,upvote_py2,Python
2390,uri.dart,Dart
2391,uribeacon,
2392,url_diff,Python
2393,us-altgr-intl,Perl
2394,usb-cereal,HTML
2395,usbinfo,Python
2396,usbmon,C
2397,usd_from_gltf,C++
2398,usm-voice-transcriber,
2399,uuid,Go
2400,uv-metrics,Python
2401,uVkCompute,C++
2402,uvq,Python
2403,v8-snapshot-ghidra-plugin,Java
2404,vae-seq,Python
2405,vandalir,LLVM
2406,vapso,JavaScript
2407,varstruct,C++
2408,vbootrom,Assembly
2409,vc-defer,Emacs Lisp
2410,vectorio,Go
2411,vector_math.dart,Dart
2412,verilogpp,Perl
2413,vertex-ai-benchmarker,Java
2414,vertex-ai-nas,Python
2415,vertex-pipelines-boilerplate,Python
2416,viai-sdk,Python
2417,video-exclusion-toolbox,Python
2418,video-localized-narratives,HTML
2419,videotts,JavaScript
2420,vim-codefmt,Vim Script
2421,vim-codereview,Vim script
2422,vim-colorscheme-primary,Vim Script
2423,vim-coverage,Vim Script
2424,vim-ft-go,Vim script
2425,vim-ft-vroom,VimL
2426,vim-glaive,Vim Script
2427,vim-jsonnet,Vim Script
2428,vim-maktaba,Vim Script
2429,vim-searchindex,Vim script
2430,vim-selector,Vim script
2431,vim-syncopate,Vim script
2432,vimdoc,Python
2433,vimscript-language-server,Rust
2434,virtual-authenticators-tab,JavaScript
2435,virtual-tutors,HTML
2436,virtualdesktops-extension,JavaScript
2437,visionai,Python
2438,visqol,C++
2439,visualblocks,Python
2440,vizier,Python
2441,vk-layer-for-rust,Rust
2442,vkb,CMake
2443,vk_callback_swapchain,C++
2444,vmregistry,Go
2445,vogon,JavaScript
2446,voice-builder,JavaScript
2447,voice-iot-maker-demo,JavaScript
2448,volley,Java
2449,VoltAir,C++
2450,volux-gan,Python
2451,voter-info-tool,JavaScript
2452,vpn-libraries,C++
2453,vpn-reverse-tether,C
2454,vr180,Java
2455,VRD,Python
2456,vroom,Python
2457,vsaq,JavaScript
2458,vscode-bigquery,TypeScript
2459,vscode-zxdb,TypeScript
2460,vsf-time-series,Python
2461,vulkan-cpp-library,C++
2462,Vulkan-Errata,Python
2463,vulkan-performance-layers,C++
2464,vulkan-pre-rotation-demo,C++
2465,vulkan_test_applications,C++
2466,vulncode-db,Python
2467,vxsig,C++
2468,walk,C
2469,walt,Java
2470,wasefire,Rust
2471,wasserstein-dist,Python
2472,watchpresenter,Java
2473,wayback-machine-button,JavaScript
2474,waze-ccp-gcp,Python
2475,wci,Python
2476,wear-displaylock,Java
2477,wear-screeninfo,Java
2478,wear-sensors,Java
2479,weasel,Go
2480,weather-tools,Python
2481,web-activities,JavaScript
2482,web-api-gateway,Go
2483,web-audio-recognition,Jupyter Notebook
2484,web-bsd-hunt,Go
2485,web-game-samples,JavaScript
2486,web-hv,JavaScript
2487,web-prototyping-tool,TypeScript
2488,web-serial-polyfill,TypeScript
2489,web-starter-kit,HTML
2490,web-starter-kit-extras,
2491,webauthndemo,TypeScript
2492,webbundle,Rust
2493,webcrypto.dart,Dart
2494,webdriver.dart,Dart
2495,WebFundamentals,JavaScript
2496,webkit_inspection_protocol.dart,Dart
2497,webpackager,Go
2498,webrisk,Go
2499,webview-local-server,Java
2500,web_notifications.dart,Dart
2501,weighted-dict,Python
2502,werm,C
2503,wheelbarrow,Python
2504,where-am-i,Kotlin
2505,where-is-my-watch,
2506,wiberg-minimization,
2507,wicked-good-xpath,JavaScript
2508,wide_bnn_sampling,Python
2509,wikiloop-analysis,Python
2510,wikiloop-datasets,
2511,wikiloop-doublecheck,TypeScript
2512,wikiloop-explorer,Vue
2513,wikiloop-wikidata-game,JavaScript
2514,windowtester,Java
2515,winops,Go
2516,wire,Go
2517,wireit,TypeScript
2518,wmt-mqm-human-evaluation,
2519,wmt19-paraphrased-references,
2520,woff2,C++
2521,workflow-graph,TypeScript
2522,wuffs,C
2523,wuffs-mirror-release-c,C
2524,wwgc,JavaScript
2525,wwwbasic,JavaScript
2526,wycheproof,Java
2527,x,
2528,x-amber,C
2529,x509test,Python
2530,xarray-beam,Python
2531,xarray-tensorstore,Python
2532,xctestrunner,Python
2533,xdelta3-decoder-js,C
2534,Xee,Python
2535,xls,C++
2536,xmpmeta,C++
2537,XNNPACK,C
2538,xpaf,C++
2539,xpk,Python
2540,xplat,Java
2541,xpra-upstart,
2542,xrtl,C++
2543,xscreensaver-dbus,Haskell
2544,xsecurelock,C
2545,xsecurelock-saver-rs,Rust
2546,xssxss,C
2547,xtoproto,Go
2548,yaml-ui-editor,Java
2549,yamlfmt,Go
